-- Seed default V3 agents, topics, routing keywords and bid table.

INSERT OR IGNORE INTO route_topics
    (topic, display_name, description, is_teaching, is_exclusive, route_priority, enabled)
VALUES
    ('question.solve', '解题答疑', '题目解析、选项判断、计算过程与错因分析', 1, 0, 10, 1),
    ('exam.analyze', '考点分析', '考试大纲、真题规律、分值结构与高频考点', 1, 0, 20, 1),
    ('study.plan', '备考规划', '学习路线、复习计划、资源和时间安排', 1, 0, 30, 1),
    ('concept.explain', '概念讲解', '网络技术概念、协议原理和知识点解释', 1, 0, 40, 1),
    ('practice.request', '每日一练启动', '每日一练工作流启动请求', 0, 1, 5, 1),
    ('practice.answer', '每日一练续接', '每日一练挂起状态下的答题续接', 0, 1, 6, 1),
    ('practice.report', '每日一练报告', '每日一练结果观测与扩展 topic', 0, 0, 90, 1);

INSERT OR IGNORE INTO agent_definitions
    (agent_id, display_name, description, agent_type, bot_id, enabled, system_builtin, locked, exclusive, priority, context_policy)
VALUES
    (
        'Novice_Learner',
        '新手小白',
        '面向零基础用户，用费曼反问和类比帮助用户讲清楚。',
        'coze_chat',
        COALESCE((SELECT value FROM app_config WHERE key = 'COZE_BOT_ID_NOVICE'), ''),
        1, 1, 0, 0, 20, 'on_switch_recent_2'
    ),
    (
        'Debate_Challenger',
        '辩论对手',
        '用反例、边界条件和陷阱题挑战学习者理解。',
        'coze_chat',
        COALESCE((SELECT value FROM app_config WHERE key = 'COZE_BOT_ID_DEBATE'), ''),
        1, 1, 0, 0, 30, 'on_switch_recent_2'
    ),
    (
        'Network_Expert',
        '计网专家',
        '系统讲解、考试映射和规范推导。',
        'coze_chat',
        COALESCE((SELECT value FROM app_config WHERE key = 'COZE_BOT_ID_EXPERT'), ''),
        1, 1, 0, 0, 10, 'on_switch_recent_2'
    ),
    (
        'Daily_Practice_Agent',
        '每日一练',
        '系统锁定的每日一练 Coze Workflow Agent。',
        'coze_workflow',
        COALESCE((SELECT value FROM app_config WHERE key = 'COZE_BOT_ID'), ''),
        1, 1, 1, 1, 1, 'none'
    );

INSERT OR IGNORE INTO agent_subscriptions
    (agent_id, topic, base_bid, basic_bonus, advanced_bonus)
VALUES
    ('Novice_Learner', 'concept.explain', 0.60, 0.10, 0.00),
    ('Novice_Learner', 'exam.analyze', 0.45, 0.10, 0.00),
    ('Novice_Learner', 'question.solve', 0.50, 0.10, 0.00),
    ('Novice_Learner', 'study.plan', 0.65, 0.10, 0.00),
    ('Debate_Challenger', 'concept.explain', 0.50, 0.00, 0.05),
    ('Debate_Challenger', 'exam.analyze', 0.55, 0.00, 0.05),
    ('Debate_Challenger', 'question.solve', 0.70, 0.00, 0.05),
    ('Debate_Challenger', 'study.plan', 0.40, 0.00, 0.05),
    ('Network_Expert', 'concept.explain', 0.70, 0.00, 0.10),
    ('Network_Expert', 'exam.analyze', 0.75, 0.00, 0.10),
    ('Network_Expert', 'question.solve', 0.65, 0.00, 0.10),
    ('Network_Expert', 'study.plan', 0.70, 0.00, 0.10),
    ('Daily_Practice_Agent', 'practice.request', 1.00, 0.00, 0.00),
    ('Daily_Practice_Agent', 'practice.answer', 1.00, 0.00, 0.00);

INSERT OR IGNORE INTO route_settings (key, value)
VALUES
    ('loose_trigger_max_len', '12'),
    ('off_topic_reply', '我是计算机三级网络技术备考助手，这个问题超出了我的专业范围。\n\n你可以问我：\n- 网络概念讲解（如 TCP 三次握手、OSI 七层模型）\n- 真题与考点解析\n- 解题思路\n- 备考规划\n\n或者发送「开始每日一练」进行每日刷题。');

INSERT OR IGNORE INTO route_keywords (scope, topic, kind, keyword, priority) VALUES
    ('practice', NULL, 'exact', '开始每日一练', 10),
    ('practice', NULL, 'exact', '每日一练', 10),
    ('practice', NULL, 'exact', '开始练习', 10),
    ('practice', NULL, 'exact', '开始今天的练习', 10),
    ('practice', NULL, 'exact', '开始刷题', 10),
    ('practice', NULL, 'exact', '随机抽题', 10),
    ('practice', NULL, 'exact', '随机抽题练习', 10),
    ('practice', NULL, 'exact', '来一题', 10),
    ('practice', NULL, 'exact', '来道题', 10),
    ('practice', NULL, 'exact', '我要刷题', 10),
    ('practice', NULL, 'contains', '每日一练', 20),
    ('practice', NULL, 'loose', '刷题', 30),
    ('practice', NULL, 'loose', '抽题', 30),
    ('practice', NULL, 'loose', '做题', 30),
    ('practice', NULL, 'loose', '练习题', 30),
    ('practice', NULL, 'loose', '出题', 30),
    ('practice', NULL, 'loose', '测验', 30),
    ('practice', NULL, 'loose', '小测', 30),
    ('practice', NULL, 'loose', '练一练', 30),
    ('practice', NULL, 'loose', '来几道题', 30),
    ('practice', NULL, 'loose', '来几道', 30),
    ('practice', NULL, 'negative', '技巧', 40),
    ('practice', NULL, 'negative', '方法', 40),
    ('practice', NULL, 'negative', '怎么', 40),
    ('practice', NULL, 'negative', '如何', 40),
    ('practice', NULL, 'negative', '什么', 40),
    ('practice', NULL, 'negative', '为什么', 40),
    ('practice', NULL, 'negative', '哪些', 40),
    ('practice', NULL, 'negative', '吗', 40),
    ('practice', NULL, 'exit', '退出练习', 50),
    ('practice', NULL, 'exit', '结束练习', 50),
    ('practice', NULL, 'exit', '不练了', 50);

INSERT OR IGNORE INTO route_keywords (scope, topic, kind, keyword, priority) VALUES
    ('topic', 'question.solve', 'strong', '这道题', 10),
    ('topic', 'question.solve', 'strong', '这题', 10),
    ('topic', 'question.solve', 'strong', '下面这道', 10),
    ('topic', 'question.solve', 'strong', '为什么选', 10),
    ('topic', 'question.solve', 'strong', '答案是什么', 10),
    ('topic', 'question.solve', 'strong', '选什么', 10),
    ('topic', 'question.solve', 'strong', '求解', 10),
    ('topic', 'question.solve', 'strong', '解析一下', 10),
    ('topic', 'question.solve', 'strong', '帮我算', 10),
    ('topic', 'question.solve', 'strong', '怎么做', 10),
    ('topic', 'question.solve', 'strong', '错在哪', 10),
    ('topic', 'question.solve', 'weak', '计算', 20),
    ('topic', 'question.solve', 'weak', '多少位', 20),
    ('topic', 'question.solve', 'weak', '多少个子网', 20),
    ('topic', 'question.solve', 'weak', '画出', 20),
    ('topic', 'question.solve', 'weak', '补全', 20),
    ('topic', 'question.solve', 'pattern', '[abcd][.、．)]', 30),
    ('topic', 'question.solve', 'pattern', '选[abcd]\b|选[abcd]$|选[abcd][^a-z]', 30),
    ('topic', 'exam.analyze', 'strong', '考点', 10),
    ('topic', 'exam.analyze', 'strong', '考纲', 10),
    ('topic', 'exam.analyze', 'strong', '大纲', 10),
    ('topic', 'exam.analyze', 'strong', '真题', 10),
    ('topic', 'exam.analyze', 'strong', '历年', 10),
    ('topic', 'exam.analyze', 'strong', '出题规律', 10),
    ('topic', 'exam.analyze', 'strong', '高频考', 10),
    ('topic', 'exam.analyze', 'strong', '题型', 10),
    ('topic', 'exam.analyze', 'strong', '分值', 10),
    ('topic', 'exam.analyze', 'strong', '及格', 10),
    ('topic', 'exam.analyze', 'strong', '通过率', 10),
    ('topic', 'exam.analyze', 'strong', '重点是', 10),
    ('topic', 'exam.analyze', 'strong', '哪些是重点', 10),
    ('topic', 'exam.analyze', 'strong', '丢分', 10),
    ('topic', 'exam.analyze', 'weak', '考试', 20),
    ('topic', 'exam.analyze', 'weak', '三级', 20),
    ('topic', 'exam.analyze', 'weak', '笔试', 20),
    ('topic', 'exam.analyze', 'weak', '上机', 20),
    ('topic', 'exam.analyze', 'weak', '占比', 20),
    ('topic', 'exam.analyze', 'weak', '考多少', 20),
    ('topic', 'study.plan', 'strong', '学习计划', 10),
    ('topic', 'study.plan', 'strong', '备考计划', 10),
    ('topic', 'study.plan', 'strong', '复习计划', 10),
    ('topic', 'study.plan', 'strong', '怎么备考', 10),
    ('topic', 'study.plan', 'strong', '怎么复习', 10),
    ('topic', 'study.plan', 'strong', '学习路线', 10),
    ('topic', 'study.plan', 'strong', '规划', 10),
    ('topic', 'study.plan', 'strong', '冲刺', 10),
    ('topic', 'study.plan', 'strong', '时间安排', 10),
    ('topic', 'study.plan', 'strong', '先学什么', 10),
    ('topic', 'study.plan', 'strong', '资源推荐', 10),
    ('topic', 'study.plan', 'weak', '零基础', 20),
    ('topic', 'study.plan', 'weak', '多久', 20),
    ('topic', 'study.plan', 'weak', '几周', 20),
    ('topic', 'study.plan', 'weak', '两周', 20),
    ('topic', 'study.plan', 'weak', '每天学', 20),
    ('topic', 'study.plan', 'weak', '顺序', 20),
    ('topic', 'study.plan', 'weak', '安排', 20),
    ('topic', 'concept.explain', 'strong', '什么是', 10),
    ('topic', 'concept.explain', 'strong', '是什么', 10),
    ('topic', 'concept.explain', 'strong', '解释', 10),
    ('topic', 'concept.explain', 'strong', '讲讲', 10),
    ('topic', 'concept.explain', 'strong', '讲解', 10),
    ('topic', 'concept.explain', 'strong', '介绍一下', 10),
    ('topic', 'concept.explain', 'strong', '区别', 10),
    ('topic', 'concept.explain', 'strong', '定义', 10),
    ('topic', 'concept.explain', 'strong', '原理', 10),
    ('topic', 'concept.explain', 'strong', '概念', 10),
    ('topic', 'concept.explain', 'strong', '为什么', 10),
    ('topic', 'concept.explain', 'strong', '怎么理解', 10),
    ('topic', 'concept.explain', 'strong', '干什么的', 10);

INSERT OR IGNORE INTO route_keywords (scope, topic, kind, keyword, priority) VALUES
    ('global', NULL, 'difficulty_basic', '通俗', 10),
    ('global', NULL, 'difficulty_basic', '简单点', 10),
    ('global', NULL, 'difficulty_basic', '简单些', 10),
    ('global', NULL, 'difficulty_basic', '听不懂', 10),
    ('global', NULL, 'difficulty_basic', '入门', 10),
    ('global', NULL, 'difficulty_basic', '零基础', 10),
    ('global', NULL, 'difficulty_basic', '小白', 10),
    ('global', NULL, 'difficulty_basic', '讲得简单', 10),
    ('global', NULL, 'difficulty_basic', '举个例子', 10),
    ('global', NULL, 'difficulty_basic', '打个比方', 10),
    ('global', NULL, 'difficulty_advanced', '深入', 10),
    ('global', NULL, 'difficulty_advanced', '详细', 10),
    ('global', NULL, 'difficulty_advanced', '底层', 10),
    ('global', NULL, 'difficulty_advanced', '进阶', 10),
    ('global', NULL, 'difficulty_advanced', '高级', 10),
    ('global', NULL, 'difficulty_advanced', '原理层面', 10),
    ('global', NULL, 'difficulty_advanced', '源码', 10),
    ('global', NULL, 'difficulty_advanced', '深度', 10),
    ('global', NULL, 'difficulty_advanced', '全面', 10),
    ('global', NULL, 'off_topic', '天气', 20),
    ('global', NULL, 'off_topic', '股票', 20),
    ('global', NULL, 'off_topic', '基金', 20),
    ('global', NULL, 'off_topic', '彩票', 20),
    ('global', NULL, 'off_topic', '星座', 20),
    ('global', NULL, 'off_topic', '算命', 20),
    ('global', NULL, 'off_topic', '菜谱', 20),
    ('global', NULL, 'off_topic', '做饭', 20),
    ('global', NULL, 'off_topic', '减肥', 20),
    ('global', NULL, 'off_topic', '恋爱', 20),
    ('global', NULL, 'off_topic', '写首诗', 20),
    ('global', NULL, 'off_topic', '写一首诗', 20),
    ('global', NULL, 'off_topic', '写小说', 20),
    ('global', NULL, 'off_topic', '讲个笑话', 20),
    ('global', NULL, 'off_topic', '唱歌', 20),
    ('global', NULL, 'off_topic', '明星', 20),
    ('global', NULL, 'off_topic', '八卦', 20),
    ('global', NULL, 'off_topic', '旅游攻略', 20),
    ('global', NULL, 'off_topic', '王者荣耀', 20),
    ('global', NULL, 'off_topic', '原神', 20),
    ('global', NULL, 'off_topic', '电影推荐', 20),
    ('global', NULL, 'off_topic', '买什么车', 20);

INSERT OR IGNORE INTO route_keywords (scope, topic, kind, keyword, priority) VALUES
    ('global', NULL, 'domain', 'osi', 30),
    ('global', NULL, 'domain', 'tcp', 30),
    ('global', NULL, 'domain', 'udp', 30),
    ('global', NULL, 'domain', 'ip地址', 30),
    ('global', NULL, 'domain', 'ip', 30),
    ('global', NULL, 'domain', '子网', 30),
    ('global', NULL, 'domain', '掩码', 30),
    ('global', NULL, 'domain', 'cidr', 30),
    ('global', NULL, 'domain', 'vlsm', 30),
    ('global', NULL, 'domain', '路由', 30),
    ('global', NULL, 'domain', '交换机', 30),
    ('global', NULL, 'domain', '集线器', 30),
    ('global', NULL, 'domain', '网桥', 30),
    ('global', NULL, 'domain', 'vlan', 30),
    ('global', NULL, 'domain', '局域网', 30),
    ('global', NULL, 'domain', '广域网', 30),
    ('global', NULL, 'domain', '城域网', 30),
    ('global', NULL, 'domain', '以太网', 30),
    ('global', NULL, 'domain', '802', 30),
    ('global', NULL, 'domain', 'wifi', 30),
    ('global', NULL, 'domain', '无线', 30),
    ('global', NULL, 'domain', 'dns', 30),
    ('global', NULL, 'domain', 'dhcp', 30),
    ('global', NULL, 'domain', 'http', 30),
    ('global', NULL, 'domain', 'https', 30),
    ('global', NULL, 'domain', 'ftp', 30),
    ('global', NULL, 'domain', 'smtp', 30),
    ('global', NULL, 'domain', 'pop3', 30),
    ('global', NULL, 'domain', 'telnet', 30),
    ('global', NULL, 'domain', 'ssh', 30),
    ('global', NULL, 'domain', 'nat', 30),
    ('global', NULL, 'domain', 'acl', 30),
    ('global', NULL, 'domain', 'vpn', 30),
    ('global', NULL, 'domain', '防火墙', 30),
    ('global', NULL, 'domain', '加密', 30),
    ('global', NULL, 'domain', '病毒', 30),
    ('global', NULL, 'domain', '木马', 30),
    ('global', NULL, 'domain', '入侵', 30),
    ('global', NULL, 'domain', '拓扑', 30),
    ('global', NULL, 'domain', '双绞线', 30),
    ('global', NULL, 'domain', '光纤', 30),
    ('global', NULL, 'domain', '同轴', 30),
    ('global', NULL, 'domain', '网络层', 30),
    ('global', NULL, 'domain', '传输层', 30),
    ('global', NULL, 'domain', '应用层', 30),
    ('global', NULL, 'domain', '物理层', 30),
    ('global', NULL, 'domain', '链路层', 30),
    ('global', NULL, 'domain', '七层', 30),
    ('global', NULL, 'domain', '五层', 30),
    ('global', NULL, 'domain', '三次握手', 30),
    ('global', NULL, 'domain', '四次挥手', 30),
    ('global', NULL, 'domain', '拥塞', 30),
    ('global', NULL, 'domain', '流量控制', 30),
    ('global', NULL, 'domain', '广播域', 30),
    ('global', NULL, 'domain', '冲突域', 30),
    ('global', NULL, 'domain', '网关', 30),
    ('global', NULL, 'domain', '网络', 30),
    ('global', NULL, 'domain', '服务器', 30),
    ('global', NULL, 'domain', '客户端', 30),
    ('global', NULL, 'domain', '带宽', 30),
    ('global', NULL, 'domain', '丢包', 30),
    ('global', NULL, 'domain', '延迟', 30),
    ('global', NULL, 'domain', 'arp', 30),
    ('global', NULL, 'domain', 'icmp', 30),
    ('global', NULL, 'domain', 'rip', 30),
    ('global', NULL, 'domain', 'ospf', 30),
    ('global', NULL, 'domain', 'bgp', 30),
    ('global', NULL, 'domain', '组播', 30),
    ('global', NULL, 'domain', '端口', 30);
